<?xml version="1.0" encoding="UTF-8"?>
<beans xmlns="http://www.springframework.org/schema/beans"
    xmlns:camel="http://camel.apache.org/schema/spring"
    xmlns:cxf="http://camel.apache.org/schema/cxf"
    xmlns:osgi="http://www.springframework.org/schema/osgi"
    xmlns:xsi="http://www.w3.org/2001/XMLSchema-instance" xsi:schemaLocation="http://www.springframework.org/schema/beans http://www.springframework.org/schema/beans/spring-beans.xsd  http://www.springframework.org/schema/osgi http://www.springframework.org/schema/osgi/spring-osgi.xsd       http://camel.apache.org/schema/spring http://camel.apache.org/schema/spring/camel-spring.xsd       http://camel.apache.org/schema/cxf http://camel.apache.org/schema/cxf/camel-cxf-2.8.3.xsd">
    <cxf:cxfEndpoint address="/javanes/HelloWorld"
        endpointName="a:helloWorldEndpoint" id="CXFHelloWorldPoint"
        serviceClass="javanes.helloworld.HelloWorldPort"
        serviceName="a:helloWorldService" wsdlURL="wsdl/HelloWorld.wsdl" xmlns:a="http://javanes/HelloWorld/"/>
    <bean class="javanes.helloworld.jaxws.HelloWorldService" id="HelloWorldProcessor">
        <property name="log" ref="JNFinterraLogSvc"/>
    </bean>
    <camelContext id="helloWorld" xmlns="http://camel.apache.org/schema/spring">
        <camel:route id="HelloWorld">
            <camel:from id="_from-CXFHelloWorldPoint" uri="cxf:bean:CXFHelloWorldPoint"/>
            <process id="_process-HelloWorldProcessor" ref="HelloWorldProcessor"/>
        </camel:route>
    </camelContext>
    <!-- INIT: BEANS DEL SERVICIO -->
    <osgi:reference id="JNFinterraLogSvc" interface="com.javanes.finterra.log.FinterraLogger"/>
    <!-- END: BEANS DEL SERVICIO -->
</beans>
